OBJECTID,STATEFP,COUNTYFP,TRACTCE,GEOID,NAME,NAMELSAD,MTFCC,FUNCSTAT,ALAND,AWATER,INTPTLAT,INTPTLON,GEOID_NUM,Shape_Length,Shape_Area,CouncilDistrict
1,48,029,121000,48029121000,1210,Census Tract 1210,G5020,S,6640253.000000000000000,33515.000000000000000,+29.5322204,-098.4454653,48029121000.000000000000000,39167.261548821865290,71816716.305287674069405,10
2,48,029,161400,48029161400,1614,Census Tract 1614,G5020,S,11020658.000000000000000,0.000000000000000,+29.3866196,-098.6178562,48029161400.000000000000000,55945.305572116783878,118592535.587097898125648,
3,48,029,190700,48029190700,1907,Census Tract 1907,G5020,S,1461126.000000000000000,0.000000000000000,+29.4774628,-098.4955937,48029190700.000000000000000,18805.126556936334964,15723152.940346268936992,1
4,48,029,110100,48029110100,1101,Census Tract 1101,G5020,S,3533513.000000000000000,13720.000000000000000,+29.4270068,-098.4905375,48029110100.000000000000000,26073.240654663346504,38171612.424995116889477,1
5,48,029,120800,48029120800,1208,Census Tract 1208,G5020,S,4839676.000000000000000,0.000000000000000,+29.5051691,-098.4462690,48029120800.000000000000000,27895.614932944234170,52079885.418406493961811,10
6,48,029,120701,48029120701,1207.01,Census Tract 1207.01,G5020,S,3419319.000000000000000,0.000000000000000,+29.5128694,-098.4694577,48029120701.000000000000000,27583.222541422041104,36795411.118827193975449,10
7,48,029,120901,48029120901,1209.01,Census Tract 1209.01,G5020,S,1924551.000000000000000,6483.000000000000000,+29.5220154,-098.4373700,48029120901.000000000000000,23290.140435260582308,20779937.307351060211658,10
8,48,029,120702,48029120702,1207.02,Census Tract 1207.02,G5020,S,3232519.000000000000000,52344.000000000000000,+29.5006977,-098.4717520,48029120702.000000000000000,25881.591854324389715,35348455.801747597754002,10
9,48,029,120902,48029120902,1209.02,Census Tract 1209.02,G5020,S,4687254.000000000000000,16619.000000000000000,+29.5050630,-098.4248500,48029120902.000000000000000,35324.371174755026004,50618465.045836970210075,2
10,48,029,141800,48029141800,1418,Census Tract 1418,G5020,S,72820626.000000000000000,5819571.000000000000000,+29.2558402,-098.3627182,48029141800.000000000000000,172673.724739263619995,846242939.163416862487793,
11,48,029,170102,48029170102,1701.02,Census Tract 1701.02,G5020,S,1157141.000000000000000,65856.000000000000000,+29.4325252,-098.5195280,48029170102.000000000000000,14806.893252120764373,13160644.972653415054083,5
12,48,029,130800,48029130800,1308,Census Tract 1308,G5020,S,8492765.000000000000000,19394.000000000000000,+29.4320140,-098.4269439,48029130800.000000000000000,59393.368235346126312,91599005.267880886793137,2
13,48,029,190100,48029190100,1901,Census Tract 1901,G5020,S,1650993.000000000000000,0.000000000000000,+29.4481242,-098.5070960,48029190100.000000000000000,17657.885371682521509,17766323.010656241327524,1
14,48,029,121110,48029121110,1211.10,Census Tract 1211.10,G5020,S,4523691.000000000000000,19688.000000000000000,+29.5839096,-098.4146871,48029121110.000000000000000,31377.649373766158533,48891855.184716075658798,10
15,48,029,121111,48029121111,1211.11,Census Tract 1211.11,G5020,S,3787806.000000000000000,4216.000000000000000,+29.5676254,-098.3987467,48029121111.000000000000000,33037.716813007544260,40806335.641044653952122,10
16,48,029,121112,48029121112,1211.12,Census Tract 1211.12,G5020,S,4977305.000000000000000,157432.000000000000000,+29.5506479,-098.4207674,48029121112.000000000000000,36849.860862158428063,55255308.020484402775764,10
17,48,029,110600,48029110600,1106,Census Tract 1106,G5020,S,1963565.000000000000000,11034.000000000000000,+29.4292110,-098.5078374,48029110600.000000000000000,20380.077374480628350,21248515.302980348467827,5
18,48,029,110700,48029110700,1107,Census Tract 1107,G5020,S,981619.000000000000000,0.000000000000000,+29.4393895,-098.5040375,48029110700.000000000000000,17001.825818343884748,10563156.724481726065278,1
19,48,029,110500,48029110500,1105,Census Tract 1105,G5020,S,1162412.000000000000000,105494.000000000000000,+29.4170710,-098.5090798,48029110500.000000000000000,16037.221949972506991,13643929.782126253470778,5
20,48,029,121108,48029121108,1211.08,Census Tract 1211.08,G5020,S,4175578.000000000000000,1526.000000000000000,+29.5677653,-098.4725428,48029121108.000000000000000,27387.786679361095594,44950271.859045259654522,9
21,48,029,120100,48029120100,1201,Census Tract 1201,G5020,S,13443911.000000000000000,12024.000000000000000,+29.4608965,-098.4383400,48029120100.000000000000000,76994.561716013908153,144798957.408799648284912,2
22,48,029,120300,48029120300,1203,Census Tract 1203,G5020,S,4752035.000000000000000,0.000000000000000,+29.4827827,-098.4680929,48029120300.000000000000000,32207.078730369132245,51136652.105962052941322,
23,48,029,121402,48029121402,1214.02,Census Tract 1214.02,G5020,S,4573412.000000000000000,19180.000000000000000,+29.4932430,-098.3675920,48029121402.000000000000000,31966.454391693241632,49420886.963712647557259,2
24,48,029,121403,48029121403,1214.03,Census Tract 1214.03,G5020,S,4425319.000000000000000,8119.000000000000000,+29.5033956,-098.3839005,48029121403.000000000000000,32875.132936563124531,47708285.037302948534489,2
25,48,029,121116,48029121116,1211.16,Census Tract 1211.16,G5020,S,3194649.000000000000000,903.000000000000000,+29.5836611,-098.4651552,48029121116.000000000000000,23677.815314637970005,34387742.181705094873905,9
26,48,029,121117,48029121117,1211.17,Census Tract 1211.17,G5020,S,2436935.000000000000000,17700.000000000000000,+29.5957070,-098.4622931,48029121117.000000000000000,23731.891655520517816,26414684.162435792386532,9
27,48,029,121300,48029121300,1213,Census Tract 1213,G5020,S,5103060.000000000000000,4086.000000000000000,+29.5196989,-098.3839956,48029121300.000000000000000,30207.081128169778822,54958215.946329630911350,
28,48,029,141300,48029141300,1413,Census Tract 1413,G5020,S,7569427.000000000000000,43451.000000000000000,+29.3754769,-098.4136858,48029141300.000000000000000,48305.306611595944560,81921624.718075007200241,3
29,48,029,181303,48029181303,1813.03,Census Tract 1813.03,G5020,S,2073467.000000000000000,16690.000000000000000,+29.5354781,-098.5739886,48029181303.000000000000000,22086.158131693293399,22492293.329970851540565,8
30,48,029,182103,48029182103,1821.03,Census Tract 1821.03,G5020,S,141033202.000000000000000,431906.000000000000000,+29.6666806,-098.7362806,48029182103.000000000000000,177552.737792278552661,1522346151.579023838043213,
31,48,029,130900,48029130900,1309,Census Tract 1309,G5020,S,8917660.000000000000000,60483.000000000000000,+29.4373402,-098.4086795,48029130900.000000000000000,49435.299119851333671,96613490.969307914376259,2
32,48,029,181602,48029181602,1816.02,Census Tract 1816.02,G5020,S,3727344.000000000000000,0.000000000000000,+29.4579251,-098.6140374,48029181602.000000000000000,27303.570629326310154,40109871.085167631506920,6
33,48,029,160200,48029160200,1602,Census Tract 1602,G5020,S,1088272.000000000000000,0.000000000000000,+29.3999440,-098.5183695,48029160200.000000000000000,14808.080210381440338,11710788.824621206149459,5
34,48,029,130200,48029130200,1302,Census Tract 1302,G5020,S,984995.000000000000000,0.000000000000000,+29.4158239,-098.4673756,48029130200.000000000000000,13471.472302794429197,10599476.647351911291480,2
35,48,029,190902,48029190902,1909.02,Census Tract 1909.02,G5020,S,4836402.000000000000000,3154.000000000000000,+29.4957137,-098.4883111,48029190902.000000000000000,47841.041692956481711,52078493.513227507472038,1
36,48,029,182101,48029182101,1821.01,Census Tract 1821.01,G5020,S,25132985.000000000000000,66842.000000000000000,+29.7235727,-098.6441332,48029182101.000000000000000,95542.508988588655484,271185798.363401830196381,
37,48,029,980002,48029980002,9800.02,Census Tract 9800.02,G5020,S,1557844.000000000000000,0.000000000000000,+29.3764255,-098.5460439,48029980002.000000000000000,18125.748216833533661,16763848.796950954943895,5
38,48,029,111000,48029111000,1110,Census Tract 1110,G5020,S,1553477.000000000000000,0.000000000000000,+29.4403477,-098.4708688,48029111000.000000000000000,22356.698775170876615,16716841.574858551844954,2
39,48,029,980001,48029980001,9800.01,Census Tract 9800.01,G5020,S,126372006.000000000000000,211514.000000000000000,+29.6858707,-098.5638545,48029980001.000000000000000,183410.172734716179548,1362208654.295617818832397,
40,48,029,181503,48029181503,1815.03,Census Tract 1815.03,G5020,S,2222194.000000000000000,0.000000000000000,+29.5127445,-098.6027543,48029181503.000000000000000,23447.924437898112956,23913110.210391063243151,7
41,48,029,121505,48029121505,1215.05,Census Tract 1215.05,G5020,S,3230774.000000000000000,97780.000000000000000,+29.5231183,-098.3287891,48029121505.000000000000000,26058.667425317231391,35818743.790887847542763,
42,48,029,121118,48029121118,1211.18,Census Tract 1211.18,G5020,S,4730571.000000000000000,8263.000000000000000,+29.5964191,-098.4439245,48029121118.000000000000000,47732.977908693268546,50995294.854864120483398,10
43,48,029,120400,48029120400,1204,Census Tract 1204,G5020,S,4701327.000000000000000,0.000000000000000,+29.4761140,-098.4467416,48029120400.000000000000000,31837.538542880291061,50590998.039336279034615,
44,48,029,120501,48029120501,1205.01,Census Tract 1205.01,G5020,S,6403591.000000000000000,3098.000000000000000,+29.4834470,-098.4137358,48029120501.000000000000000,50663.749384441551229,68942294.998272359371185,2
45,48,029,140400,48029140400,1404,Census Tract 1404,G5020,S,1536000.000000000000000,0.000000000000000,+29.3968163,-098.4673941,48029140400.000000000000000,16408.236344664612261,16528821.876042272895575,3
46,48,029,152000,48029152000,1520,Census Tract 1520,G5020,S,45658686.000000000000000,734943.000000000000000,+29.2845687,-098.5327496,48029152000.000000000000000,114055.813595136016374,499238700.097749650478363,3
47,48,029,151400,48029151400,1514,Census Tract 1514,G5020,S,1876991.000000000000000,5113.000000000000000,+29.3491456,-098.5099698,48029151400.000000000000000,18148.171776923591096,20253179.515434511005878,3
48,48,029,131601,48029131601,1316.01,Census Tract 1316.01,G5020,S,51586807.000000000000000,593372.000000000000000,+29.5031710,-098.2557058,48029131601.000000000000000,166393.275511865795124,561512105.869438409805298,
49,48,029,160702,48029160702,1607.02,Census Tract 1607.02,G5020,S,2935416.000000000000000,0.000000000000000,+29.3962513,-098.5569566,48029160702.000000000000000,26464.373982185028581,31587789.939479790627956,5
50,48,029,121506,48029121506,1215.06,Census Tract 1215.06,G5020,S,2580675.000000000000000,16547.000000000000000,+29.5139714,-098.3452793,48029121506.000000000000000,26378.657628413893690,27948763.999959047883749,
51,48,029,161200,48029161200,1612,Census Tract 1612,G5020,S,45787354.000000000000000,778241.000000000000000,+29.2994770,-098.6037886,48029161200.000000000000000,129524.047289774665842,501089044.474793016910553,4
52,48,029,162001,48029162001,1620.01,Census Tract 1620.01,G5020,S,46389995.000000000000000,503742.000000000000000,+29.2598094,-098.6300606,48029162001.000000000000000,124466.971225640067132,504620861.033598780632019,
53,48,029,171100,48029171100,1711,Census Tract 1711,G5020,S,1847465.000000000000000,0.000000000000000,+29.4224602,-098.5686161,48029171100.000000000000000,19882.112598150211852,19880445.906761363148689,5
54,48,029,171801,48029171801,1718.01,Census Tract 1718.01,G5020,S,2220714.000000000000000,0.000000000000000,+29.4131166,-098.6393742,48029171801.000000000000000,25135.552271876378654,23896969.286549426615238,4
55,48,029,182102,48029182102,1821.02,Census Tract 1821.02,G5020,S,21509128.000000000000000,47966.000000000000000,+29.7039316,-098.6676857,48029182102.000000000000000,77195.500030881987186,231983796.736342191696167,
56,48,029,191804,48029191804,1918.04,Census Tract 1918.04,G5020,S,29862173.000000000000000,83407.000000000000000,+29.7202361,-098.4914508,48029191804.000000000000000,105572.426025867098360,322255977.494861125946045,
57,48,029,151900,48029151900,1519,Census Tract 1519,G5020,S,36244758.000000000000000,3251536.000000000000000,+29.2925232,-098.4710132,48029151900.000000000000000,113603.716006368747912,425017002.755213499069214,3
58,48,029,151500,48029151500,1515,Census Tract 1515,G5020,S,1950006.000000000000000,0.000000000000000,+29.3525983,-098.4923256,48029151500.000000000000000,20462.851336648531287,20983875.760788772255182,3
59,48,029,121205,48029121205,1212.05,Census Tract 1212.05,G5020,S,2937649.000000000000000,37809.000000000000000,+29.5402233,-098.4076217,48029121205.000000000000000,24848.766755179436586,32019101.425751514732838,10
60,48,029,121804,48029121804,1218.04,Census Tract 1218.04,G5020,S,2412857.000000000000000,0.000000000000000,+29.5670518,-098.3757437,48029121804.000000000000000,21201.090997698400315,25964965.190498810261488,10
61,48,029,141900,48029141900,1419,Census Tract 1419,G5020,S,120714570.000000000000000,14730634.000000000000000,+29.3289098,-098.3128977,48029141900.000000000000000,167943.080569859448588,1457515857.814960479736328,
62,48,029,140600,48029140600,1406,Census Tract 1406,G5020,S,1207342.000000000000000,0.000000000000000,+29.3927381,-098.4435777,48029140600.000000000000000,17606.173109096624103,12992097.398612434044480,3
63,48,029,180202,48029180202,1802.02,Census Tract 1802.02,G5020,S,1995406.000000000000000,0.000000000000000,+29.4742577,-098.5421228,48029180202.000000000000000,22392.878275940925960,21472554.203058086335659,7
64,48,029,152100,48029152100,1521,Census Tract 1521,G5020,S,111642085.000000000000000,245853.000000000000000,+29.2098275,-098.5374532,48029152100.000000000000000,172246.648456372087821,1204023895.926343917846680,
65,48,029,120502,48029120502,1205.02,Census Tract 1205.02,G5020,S,3308099.000000000000000,0.000000000000000,+29.5045334,-098.4076210,48029120502.000000000000000,33260.587776352753281,35598587.221574269235134,2
66,48,029,120600,48029120600,1206,Census Tract 1206,G5020,S,3286772.000000000000000,1750.000000000000000,+29.4891093,-098.4466034,48029120600.000000000000000,25507.933939234691934,35387773.860567733645439,10
67,48,029,121203,48029121203,1212.03,Census Tract 1212.03,G5020,S,7475729.000000000000000,6223.000000000000000,+29.5259958,-098.4004284,48029121203.000000000000000,46062.804096731939353,80513736.720426306128502,2
68,48,029,121204,48029121204,1212.04,Census Tract 1212.04,G5020,S,4361197.000000000000000,28785.000000000000000,+29.5294446,-098.4201274,48029121204.000000000000000,28558.860266440304258,47240790.220826297998428,10
69,48,029,121206,48029121206,1212.06,Census Tract 1212.06,G5020,S,4131113.000000000000000,44314.000000000000000,+29.5538361,-098.3916070,48029121206.000000000000000,28003.989121392471134,44932086.155096389353275,10
70,48,029,121115,48029121115,1211.15,Census Tract 1211.15,G5020,S,2485544.000000000000000,3273.000000000000000,+29.5755848,-098.4529264,48029121115.000000000000000,22441.893123700210708,26782417.890195850282907,9
71,48,029,191806,48029191806,1918.06,Census Tract 1918.06,G5020,S,10517727.000000000000000,0.000000000000000,+29.6162084,-098.5358265,48029191806.000000000000000,48235.473447625656263,113183131.187902450561523,9
72,48,029,121122,48029121122,1211.22,Census Tract 1211.22,G5020,S,3104264.000000000000000,0.000000000000000,+29.5751076,-098.4263308,48029121122.000000000000000,25127.806289778243809,33405326.137844692915678,10
73,48,029,191413,48029191413,1914.13,Census Tract 1914.13,G5020,S,3685837.000000000000000,6774.000000000000000,+29.5773331,-098.5221319,48029191413.000000000000000,31009.659788481480064,39736620.385387331247330,9
74,48,029,191411,48029191411,1914.11,Census Tract 1914.11,G5020,S,2000855.000000000000000,65209.000000000000000,+29.5672828,-098.5112864,48029191411.000000000000000,22082.676640043198859,22233109.700590454041958,9
75,48,029,130402,48029130402,1304.02,Census Tract 1304.02,G5020,S,2588658.000000000000000,0.000000000000000,+29.4055239,-098.4405754,48029130402.000000000000000,25279.221709540623124,27856448.869089931249619,2
76,48,029,131503,48029131503,1315.03,Census Tract 1315.03,G5020,S,2183562.000000000000000,0.000000000000000,+29.4643876,-098.3890946,48029131503.000000000000000,24399.805985396818869,23497228.694857526570559,
77,48,029,121908,48029121908,1219.08,Census Tract 1219.08,G5020,S,42672128.000000000000000,76952.000000000000000,+29.7060361,-098.3989960,48029121908.000000000000000,131467.146506721066544,460039551.657365739345551,
78,48,029,110300,48029110300,1103,Census Tract 1103,G5020,S,1549963.000000000000000,0.000000000000000,+29.4143332,-098.4808558,48029110300.000000000000000,22363.990463006048230,16679049.474330784752965,2
79,48,029,121803,48029121803,1218.03,Census Tract 1218.03,G5020,S,3302360.000000000000000,4748.000000000000000,+29.5542531,-098.3666664,48029121803.000000000000000,24387.933396693362738,35588063.065320722758770,10
80,48,029,121812,48029121812,1218.12,Census Tract 1218.12,G5020,S,3483305.000000000000000,0.000000000000000,+29.5902485,-098.3672306,48029121812.000000000000000,25998.312296888903802,37484281.775084279477596,10
81,48,029,130300,48029130300,1303,Census Tract 1303,G5020,S,1209475.000000000000000,0.000000000000000,+29.4073203,-098.4671910,48029130300.000000000000000,14638.986721936797039,13015124.228892423212528,2
82,48,029,130500,48029130500,1305,Census Tract 1305,G5020,S,2284380.000000000000000,0.000000000000000,+29.4192226,-098.4521675,48029130500.000000000000000,20041.493941090106091,24582066.881599411368370,2
83,48,029,130600,48029130600,1306,Census Tract 1306,G5020,S,2035045.000000000000000,0.000000000000000,+29.4303224,-098.4521996,48029130600.000000000000000,19496.344266883672390,21899063.941152747720480,2
84,48,029,130700,48029130700,1307,Census Tract 1307,G5020,S,1504557.000000000000000,0.000000000000000,+29.4395119,-098.4512971,48029130700.000000000000000,19212.577735865244904,16190440.246336814016104,2
85,48,029,131000,48029131000,1310,Census Tract 1310,G5020,S,5560603.000000000000000,0.000000000000000,+29.4174106,-098.4069528,48029131000.000000000000000,42006.334133597665641,59837340.767254590988159,2
86,48,029,121404,48029121404,1214.04,Census Tract 1214.04,G5020,S,6762079.000000000000000,390.000000000000000,+29.4788025,-098.3925101,48029121404.000000000000000,38228.717424570138974,72770921.750128969550133,2
87,48,029,121501,48029121501,1215.01,Census Tract 1215.01,G5020,S,5840438.000000000000000,21080.000000000000000,+29.5349733,-098.3513742,48029121501.000000000000000,34338.720067131820542,63076146.093775473535061,
88,48,029,121504,48029121504,1215.04,Census Tract 1215.04,G5020,S,3892084.000000000000000,1624.000000000000000,+29.5309001,-098.3614224,48029121504.000000000000000,32689.427470323087618,41900395.593254201114178,
89,48,029,121507,48029121507,1215.07,Census Tract 1215.07,G5020,S,2659634.000000000000000,10404.000000000000000,+29.5133523,-098.3577773,48029121507.000000000000000,23512.273168170268036,28732324.962294999510050,
90,48,029,121508,48029121508,1215.08,Census Tract 1215.08,G5020,S,2233145.000000000000000,0.000000000000000,+29.5064099,-098.3583017,48029121508.000000000000000,21127.819538842330076,24030923.715894680470228,
91,48,029,121601,48029121601,1216.01,Census Tract 1216.01,G5020,S,3695911.000000000000000,21012.000000000000000,+29.5465067,-098.3022240,48029121601.000000000000000,37733.277603174603428,39998044.117913067340851,
92,48,029,131504,48029131504,1315.04,Census Tract 1315.04,G5020,S,4200107.000000000000000,0.000000000000000,+29.4496080,-098.3911144,48029131504.000000000000000,28899.441250329058676,45197168.529048949480057,2
93,48,029,980004,48029980004,9800.04,Census Tract 9800.04,G5020,S,9789639.000000000000000,0.000000000000000,+29.5369304,-098.4680098,48029980004.000000000000000,49901.026903419297014,105346891.494063228368759,9
94,48,029,191813,48029191813,1918.13,Census Tract 1918.13,G5020,S,2827853.000000000000000,0.000000000000000,+29.6451452,-098.4994394,48029191813.000000000000000,26077.514485178977338,30431176.583390243351460,9
95,48,029,121813,48029121813,1218.13,Census Tract 1218.13,G5020,S,1900238.000000000000000,0.000000000000000,+29.5993927,-098.3733467,48029121813.000000000000000,22283.524806249326502,20448729.892973024398088,10
96,48,029,152202,48029152202,1522.02,Census Tract 1522.02,G5020,S,74847037.000000000000000,347510.000000000000000,+29.1869042,-098.3927894,48029152202.000000000000000,156986.506873764650663,809168819.471374273300171,
97,48,029,161503,48029161503,1615.03,Census Tract 1615.03,G5020,S,2331257.000000000000000,0.000000000000000,+29.3558345,-098.6267718,48029161503.000000000000000,28313.381092048712162,25086521.087425924837589,4
98,48,029,181817,48029181817,1818.17,Census Tract 1818.17,G5020,S,2088696.000000000000000,0.000000000000000,+29.5111345,-098.6179846,48029181817.000000000000000,22282.838768374585925,22476498.594346549361944,
99,48,029,191817,48029191817,1918.17,Census Tract 1918.17,G5020,S,12898324.000000000000000,1385.000000000000000,+29.6261255,-098.4726271,48029191817.000000000000000,49594.863781363106682,138816361.336205840110779,9
100,48,029,170600,48029170600,1706,Census Tract 1706,G5020,S,1942373.000000000000000,0.000000000000000,+29.4519549,-098.5500507,48029170600.000000000000000,19563.979747894467437,20901803.381261602044106,7
101,48,029,170700,48029170700,1707,Census Tract 1707,G5020,S,1861298.000000000000000,0.000000000000000,+29.4432734,-098.5507620,48029170700.000000000000000,19160.212989165342151,20029315.960401583462954,5
102,48,029,170800,48029170800,1708,Census Tract 1708,G5020,S,969853.000000000000000,56124.000000000000000,+29.4351384,-098.5479565,48029170800.000000000000000,13387.013776339528704,11040497.738062508404255,5
103,48,029,170900,48029170900,1709,Census Tract 1709,G5020,S,1844410.000000000000000,13947.000000000000000,+29.4228064,-098.5483304,48029170900.000000000000000,19168.351548990958690,19997677.479879111051559,5
104,48,029,171000,48029171000,1710,Census Tract 1710,G5020,S,1539933.000000000000000,0.000000000000000,+29.4231640,-098.5596064,48029171000.000000000000000,17622.512955341899215,16571169.827457685023546,5
105,48,029,171200,48029171200,1712,Census Tract 1712,G5020,S,2342246.000000000000000,0.000000000000000,+29.4364014,-098.5656426,48029171200.000000000000000,23356.052848294708383,25204861.012768868356943,5
106,48,029,161000,48029161000,1610,Census Tract 1610,G5020,S,7390356.000000000000000,40596.000000000000000,+29.3425496,-098.5700238,48029161000.000000000000000,41250.192497643220122,79963925.461230382323265,4
107,48,029,161100,48029161100,1611,Census Tract 1611,G5020,S,10119455.000000000000000,16207.000000000000000,+29.3269538,-098.5762883,48029161100.000000000000000,58890.844559283083072,109069051.362955808639526,4
108,48,029,190603,48029190603,1906.03,Census Tract 1906.03,G5020,S,1286096.000000000000000,0.000000000000000,+29.4734310,-098.5035898,48029190603.000000000000000,15658.495628481876338,13839699.825740488246083,1
109,48,029,191405,48029191405,1914.05,Census Tract 1914.05,G5020,S,8774099.000000000000000,6057.000000000000000,+29.5758462,-098.5386156,48029191405.000000000000000,60670.717794348813186,94484231.174288421869278,8
110,48,029,131613,48029131613,1316.13,Census Tract 1316.13,G5020,S,5022917.000000000000000,100228.000000000000000,+29.4821676,-098.3281283,48029131613.000000000000000,36814.497628176337457,55130107.101787060499191,
111,48,029,190604,48029190604,1906.04,Census Tract 1906.04,G5020,S,1628394.000000000000000,0.000000000000000,+29.4746213,-098.5135764,48029190604.000000000000000,19304.138816247683280,17523151.984012652188540,1
112,48,029,181729,48029181729,1817.29,Census Tract 1817.29,G5020,S,8696568.000000000000000,46627.000000000000000,+29.5261089,-098.7445249,48029181729.000000000000000,38519.447404552214721,94085779.650658428668976,
113,48,029,161302,48029161302,1613.02,Census Tract 1613.02,G5020,S,3411583.000000000000000,24064.000000000000000,+29.3335210,-098.6121389,48029161302.000000000000000,25343.993225695212459,36970748.503454491496086,4
114,48,029,980100,48029980100,9801,Census Tract 9801,G5020,S,14677615.000000000000000,42980.000000000000000,+29.3897891,-098.5823980,48029980100.000000000000000,74279.069577007452608,158407278.086465686559677,4
115,48,029,161501,48029161501,1615.01,Census Tract 1615.01,G5020,S,4045389.000000000000000,0.000000000000000,+29.3647821,-098.6074055,48029161501.000000000000000,28951.690198252261325,43532130.348579660058022,4
116,48,029,171700,48029171700,1717,Census Tract 1717,G5020,S,10635977.000000000000000,31619.000000000000000,+29.4356221,-098.6260048,48029171700.000000000000000,52396.956415767999715,114793535.435016259551048,6
117,48,029,171802,48029171802,1718.02,Census Tract 1718.02,G5020,S,2524781.000000000000000,5830.000000000000000,+29.4055402,-098.6352927,48029171802.000000000000000,26801.727182936912868,27231796.639905113726854,4
118,48,029,171902,48029171902,1719.02,Census Tract 1719.02,G5020,S,7500284.000000000000000,58228.000000000000000,+29.4339635,-098.6550557,48029171902.000000000000000,41882.834235177317169,81336820.390428423881531,6
119,48,029,171903,48029171903,1719.03,Census Tract 1719.03,G5020,S,3124592.000000000000000,1510.000000000000000,+29.4069074,-098.6551074,48029171903.000000000000000,24555.962027783083613,33639791.358578324317932,4
120,48,029,131609,48029131609,1316.09,Census Tract 1316.09,G5020,S,4774760.000000000000000,100412.000000000000000,+29.5023103,-098.3265433,48029131609.000000000000000,33357.753182932552591,52461778.156067676842213,
121,48,029,191815,48029191815,1918.15,Census Tract 1918.15,G5020,S,2549292.000000000000000,0.000000000000000,+29.6295576,-098.5085688,48029191815.000000000000000,23207.710881197650451,27433445.277842231094837,9
122,48,029,161504,48029161504,1615.04,Census Tract 1615.04,G5020,S,2292120.000000000000000,23704.000000000000000,+29.3552605,-098.6170903,48029161504.000000000000000,28124.405029257140995,24920356.366201486438513,4
123,48,029,171602,48029171602,1716.02,Census Tract 1716.02,G5020,S,8127747.000000000000000,31507.000000000000000,+29.4229398,-098.6080692,48029171602.000000000000000,46825.583888714820205,87801321.978262573480606,6
124,48,029,171919,48029171919,1719.19,Census Tract 1719.19,G5020,S,2071055.000000000000000,1377.000000000000000,+29.3915743,-098.6850980,48029171919.000000000000000,23891.005865064937097,22301336.136797562241554,
125,48,029,171601,48029171601,1716.01,Census Tract 1716.01,G5020,S,3062640.000000000000000,55281.000000000000000,+29.4183531,-098.6198536,48029171601.000000000000000,36109.734186850044352,33551792.401138648390770,6
126,48,029,171922,48029171922,1719.22,Census Tract 1719.22,G5020,S,2871367.000000000000000,13723.000000000000000,+29.4138298,-098.6909242,48029171922.000000000000000,22231.519027780726901,31046321.973606370389462,
127,48,029,131700,48029131700,1317,Census Tract 1317,G5020,S,11739862.000000000000000,109695.000000000000000,+29.5295330,-098.2784252,48029131700.000000000000000,65124.501538634300232,127513670.195895463228226,
128,48,029,140100,48029140100,1401,Census Tract 1401,G5020,S,986967.000000000000000,0.000000000000000,+29.4064086,-098.4787846,48029140100.000000000000000,15873.529761296305878,10620685.527387483045459,2
129,48,029,140200,48029140200,1402,Census Tract 1402,G5020,S,1916564.000000000000000,0.000000000000000,+29.3962021,-098.4810684,48029140200.000000000000000,18840.676461900489812,20624015.006858315318823,5
130,48,029,140300,48029140300,1403,Census Tract 1403,G5020,S,1558736.000000000000000,10051.000000000000000,+29.3868816,-098.4835460,48029140300.000000000000000,20777.408539893862326,16881569.452044904232025,3
131,48,029,140500,48029140500,1405,Census Tract 1405,G5020,S,1532145.000000000000000,0.000000000000000,+29.3964053,-098.4549963,48029140500.000000000000000,16688.766850973330293,16487338.027824226766825,3
132,48,029,140700,48029140700,1407,Census Tract 1407,G5020,S,1837262.000000000000000,0.000000000000000,+29.3875220,-098.4609819,48029140700.000000000000000,20923.422804250403715,19770663.399487014859915,3
133,48,029,140800,48029140800,1408,Census Tract 1408,G5020,S,2127067.000000000000000,0.000000000000000,+29.3776566,-098.4696195,48029140800.000000000000000,22158.027465439372463,22889139.861079398542643,3
134,48,029,140900,48029140900,1409,Census Tract 1409,G5020,S,1189812.000000000000000,0.000000000000000,+29.3798119,-098.4548664,48029140900.000000000000000,14287.723647066603007,12803460.640778400003910,3
135,48,029,141000,48029141000,1410,Census Tract 1410,G5020,S,1797042.000000000000000,0.000000000000000,+29.3709842,-098.4573460,48029141000.000000000000000,19015.491591543592222,19337845.553572498261929,3
136,48,029,131200,48029131200,1312,Census Tract 1312,G5020,S,4845630.000000000000000,4121.000000000000000,+29.3981151,-098.4172868,48029131200.000000000000000,38146.614031381082896,52187858.443915277719498,3
137,48,029,141200,48029141200,1412,Census Tract 1412,G5020,S,3791694.000000000000000,0.000000000000000,+29.3802571,-098.4395548,48029141200.000000000000000,31601.751409057487763,40802158.360784724354744,3
138,48,029,191814,48029191814,1918.14,Census Tract 1918.14,G5020,S,9014643.000000000000000,42338.000000000000000,+29.7027619,-098.4662157,48029191814.000000000000000,41279.198248277149105,97465388.581878021359444,
139,48,029,172006,48029172006,1720.06,Census Tract 1720.06,G5020,S,36856569.000000000000000,12305.000000000000000,+29.4598135,-098.7848288,48029172006.000000000000000,101649.806274704300449,396745154.633178591728210,
140,48,029,181822,48029181822,1818.22,Census Tract 1818.22,G5020,S,3767407.000000000000000,1887.000000000000000,+29.5282020,-098.6303720,48029181822.000000000000000,32540.998063784332771,40561531.253867000341415,7
141,48,029,181818,48029181818,1818.18,Census Tract 1818.18,G5020,S,3029814.000000000000000,0.000000000000000,+29.5287252,-098.6105706,48029181818.000000000000000,24061.541350763032824,32603923.798206895589828,7
142,48,029,181821,48029181821,1818.21,Census Tract 1818.21,G5020,S,1250096.000000000000000,0.000000000000000,+29.5407126,-098.6238092,48029181821.000000000000000,18320.013365199480177,13452382.647081054747105,7
143,48,029,181724,48029181724,1817.24,Census Tract 1817.24,G5020,S,7118639.000000000000000,24380.000000000000000,+29.5527534,-098.6903298,48029181724.000000000000000,36065.306307018567168,76866557.800457254052162,
144,48,029,181723,48029181723,1817.23,Census Tract 1817.23,G5020,S,1439437.000000000000000,0.000000000000000,+29.5212191,-098.6784203,48029181723.000000000000000,18448.813230496580218,15489820.167773973196745,6
145,48,029,181726,48029181726,1817.26,Census Tract 1817.26,G5020,S,6756695.000000000000000,9720.000000000000000,+29.5312744,-098.6945613,48029181726.000000000000000,33540.695677419578715,72813660.863500446081161,
146,48,029,181721,48029181721,1817.21,Census Tract 1817.21,G5020,S,1861048.000000000000000,626.000000000000000,+29.5427633,-098.6739950,48029181721.000000000000000,23582.581369267398259,20033598.383422661572695,7
147,48,029,181720,48029181720,1817.20,Census Tract 1817.20,G5020,S,1973173.000000000000000,4322.000000000000000,+29.5401008,-098.6636020,48029181720.000000000000000,20462.100997953599290,21279932.677251048386097,7
148,48,029,181826,48029181826,1818.26,Census Tract 1818.26,G5020,S,2902563.000000000000000,6594.000000000000000,+29.5524718,-098.6367310,48029181826.000000000000000,28578.521819430603500,31305680.427479546517134,7
149,48,029,181824,48029181824,1818.24,Census Tract 1818.24,G5020,S,2664030.000000000000000,2118.000000000000000,+29.5649135,-098.6392329,48029181824.000000000000000,29600.761853216550662,28690698.205598261207342,8
150,48,029,181823,48029181823,1818.23,Census Tract 1818.23,G5020,S,2030400.000000000000000,2276.000000000000000,+29.5794462,-098.6391920,48029181823.000000000000000,21449.673880810034461,21873884.740514270961285,8
151,48,029,181901,48029181901,1819.01,Census Tract 1819.01,G5020,S,7913065.000000000000000,20047.000000000000000,+29.5969455,-098.6099198,48029181901.000000000000000,41929.815646127419313,85369543.469645828008652,8
152,48,029,191202,48029191202,1912.02,Census Tract 1912.02,G5020,S,3061611.000000000000000,0.000000000000000,+29.5326602,-098.5075961,48029191202.000000000000000,26550.915922323245468,32946154.010194290429354,1
153,48,029,191410,48029191410,1914.10,Census Tract 1914.10,G5020,S,1563333.000000000000000,0.000000000000000,+29.5551413,-098.5082307,48029191410.000000000000000,17261.764734714397491,16823153.917127881199121,9
154,48,029,191701,48029191701,1917.01,Census Tract 1917.01,G5020,S,6175989.000000000000000,20843.000000000000000,+29.5819992,-098.4856635,48029191701.000000000000000,37486.329236712837883,66684842.018678590655327,
155,48,029,191201,48029191201,1912.01,Census Tract 1912.01,G5020,S,1655852.000000000000000,0.000000000000000,+29.5409820,-098.5005922,48029191201.000000000000000,18705.783279804069025,17818728.251477397978306,1
156,48,029,131100,48029131100,1311,Census Tract 1311,G5020,S,2006561.000000000000000,0.000000000000000,+29.4055968,-098.4268221,48029131100.000000000000000,31366.297020535777847,21592441.598606605082750,2
157,48,029,191412,48029191412,1914.12,Census Tract 1914.12,G5020,S,2043426.000000000000000,0.000000000000000,+29.5918428,-098.5368018,48029191412.000000000000000,23211.097944913370156,21989610.853086732327938,9
158,48,029,161303,48029161303,1613.03,Census Tract 1613.03,G5020,S,1183190.000000000000000,0.000000000000000,+29.3428267,-098.6067221,48029161303.000000000000000,18482.213311166811764,12732220.836857661604881,4
159,48,029,160901,48029160901,1609.01,Census Tract 1609.01,G5020,S,2483732.000000000000000,0.000000000000000,+29.3676060,-098.5460910,48029160901.000000000000000,32827.705621921675629,26727241.149052392691374,5
160,48,029,181403,48029181403,1814.03,Census Tract 1814.03,G5020,S,1063454.000000000000000,0.000000000000000,+29.5257754,-098.5797164,48029181403.000000000000000,14627.388684359151739,11443891.097499415278435,8
161,48,029,121119,48029121119,1211.19,Census Tract 1211.19,G5020,S,4319316.000000000000000,51079.000000000000000,+29.5603056,-098.4519095,48029121119.000000000000000,34461.598598137781664,47030209.043464526534081,10
162,48,029,121121,48029121121,1211.21,Census Tract 1211.21,G5020,S,2494233.000000000000000,4829.000000000000000,+29.5889924,-098.4322372,48029121121.000000000000000,29124.599680530835030,26892728.336943924427032,10
163,48,029,160501,48029160501,1605.01,Census Tract 1605.01,G5020,S,1380734.000000000000000,0.000000000000000,+29.4112779,-098.5387851,48029160501.000000000000000,18037.345115283249470,14858017.172786463052034,5
164,48,029,191005,48029191005,1910.05,Census Tract 1910.05,G5020,S,872918.000000000000000,0.000000000000000,+29.4853883,-098.5040057,48029191005.000000000000000,14160.373949558974346,9393440.344492565840483,1
165,48,029,171915,48029171915,1719.15,Census Tract 1719.15,G5020,S,1027172.000000000000000,17172.000000000000000,+29.4233968,-098.6839565,48029171915.000000000000000,13483.387844945078541,11238130.243632731959224,4
166,48,029,171921,48029171921,1719.21,Census Tract 1719.21,G5020,S,2276864.000000000000000,2066.000000000000000,+29.3954778,-098.7000893,48029171921.000000000000000,23230.533725891753420,24523429.705391831696033,
167,48,029,171923,48029171923,1719.23,Census Tract 1719.23,G5020,S,3723111.000000000000000,0.000000000000000,+29.4550105,-098.6510102,48029171923.000000000000000,26112.340883375716658,40064308.138891912996769,6
168,48,029,161902,48029161902,1619.02,Census Tract 1619.02,G5020,S,123238736.000000000000000,1883632.000000000000000,+29.3182348,-098.7631029,48029161902.000000000000000,160093.371997953596292,1346432873.534833192825317,
169,48,029,181725,48029181725,1817.25,Census Tract 1817.25,G5020,S,3122336.000000000000000,1507.000000000000000,+29.4601895,-098.6260127,48029181725.000000000000000,37581.495614726896747,33615594.414304509758949,6
170,48,029,161801,48029161801,1618.01,Census Tract 1618.01,G5020,S,2208973.000000000000000,7983.000000000000000,+29.3842018,-098.6478496,48029161801.000000000000000,25112.937152780894394,23856500.750834286212921,4
171,48,029,181722,48029181722,1817.22,Census Tract 1817.22,G5020,S,1707264.000000000000000,0.000000000000000,+29.5134447,-098.6725581,48029181722.000000000000000,20031.002301769316546,18371910.164010558277369,6
172,48,029,181730,48029181730,1817.30,Census Tract 1817.30,G5020,S,1529309.000000000000000,0.000000000000000,+29.4928775,-098.6703618,48029181730.000000000000000,24599.292103977753868,16456917.416057186201215,6
173,48,029,131507,48029131507,1315.07,Census Tract 1315.07,G5020,S,2165641.000000000000000,781.000000000000000,+29.4632989,-098.3708009,48029131507.000000000000000,21901.306657709152205,23312806.864232230931520,2
174,48,029,131608,48029131608,1316.08,Census Tract 1316.08,G5020,S,4904285.000000000000000,14299.000000000000000,+29.5124884,-098.3046249,48029131608.000000000000000,34226.487983611688833,52929055.191030278801918,
175,48,029,121701,48029121701,1217.01,Census Tract 1217.01,G5020,S,3198064.000000000000000,16120.000000000000000,+29.5561412,-098.2899064,48029121701.000000000000000,34852.686445587743947,34588079.786942519247532,
176,48,029,121605,48029121605,1216.05,Census Tract 1216.05,G5020,S,2834494.000000000000000,94451.000000000000000,+29.5450746,-098.3301548,48029121605.000000000000000,26949.487240749451303,31518547.071434859186411,
177,48,029,131610,48029131610,1316.10,Census Tract 1316.10,G5020,S,1826199.000000000000000,0.000000000000000,+29.4949003,-098.3180134,48029131610.000000000000000,20978.719520956779888,19651748.774134274572134,
178,48,029,131505,48029131505,1315.05,Census Tract 1315.05,G5020,S,1461142.000000000000000,2526.000000000000000,+29.4735480,-098.3690440,48029131505.000000000000000,15909.119962763363219,15750527.117784239351749,2
179,48,029,131614,48029131614,1316.14,Census Tract 1316.14,G5020,S,2570484.000000000000000,75952.000000000000000,+29.4743146,-098.3409376,48029131614.000000000000000,30192.774008520238567,28478254.570083331316710,
180,48,029,121904,48029121904,1219.04,Census Tract 1219.04,G5020,S,1923220.000000000000000,0.000000000000000,+29.6371627,-098.4432638,48029121904.000000000000000,27641.755312890243658,20696206.841961864382029,9
181,48,029,191808,48029191808,1918.08,Census Tract 1918.08,G5020,S,6531576.000000000000000,0.000000000000000,+29.6569798,-098.4657530,48029191808.000000000000000,35380.083392558139167,70287999.413060158491135,9
182,48,029,191810,48029191810,1918.10,Census Tract 1918.10,G5020,S,4335167.000000000000000,0.000000000000000,+29.6756551,-098.4650392,48029191810.000000000000000,29584.304204756601393,46652005.977081567049026,
183,48,029,191304,48029191304,1913.04,Census Tract 1913.04,G5020,S,2834997.000000000000000,0.000000000000000,+29.5288471,-098.4901594,48029191304.000000000000000,23561.996482637794543,30507558.352159049361944,1
184,48,029,151301,48029151301,1513.01,Census Tract 1513.01,G5020,S,3535945.000000000000000,39446.000000000000000,+29.3471047,-098.5257060,48029151301.000000000000000,26919.161908920264977,38474499.820557005703449,3
185,48,029,192100,48029192100,1921,Census Tract 1921,G5020,S,2908612.000000000000000,63392.000000000000000,+29.4083684,-098.4936170,48029192100.000000000000000,30400.330114894761209,31981533.649201992899179,5
186,48,029,192300,48029192300,1923,Census Tract 1923,G5020,S,6125644.000000000000000,70724.000000000000000,+29.5664569,-098.5015613,48029192300.000000000000000,40938.918520703889953,66679661.084475249052048,9
187,48,029,191900,48029191900,1919,Census Tract 1919,G5020,S,3341282.000000000000000,0.000000000000000,+29.4280861,-098.4704178,48029191900.000000000000000,23376.681430536766129,35955442.559911198914051,2
188,48,029,131611,48029131611,1316.11,Census Tract 1316.11,G5020,S,934066.000000000000000,7372.000000000000000,+29.4929734,-098.3393289,48029131611.000000000000000,19838.932749915449676,10130809.303830819204450,
189,48,029,171920,48029171920,1719.20,Census Tract 1719.20,G5020,S,5876523.000000000000000,30814.000000000000000,+29.4036291,-098.6745032,48029171920.000000000000000,40167.502377015822276,63568492.274284437298775,4
190,48,029,171913,48029171913,1719.13,Census Tract 1719.13,G5020,S,1643006.000000000000000,0.000000000000000,+29.4237379,-098.6717674,48029171913.000000000000000,19461.533916823602340,17680314.870821330696344,4
191,48,029,171916,48029171916,1719.16,Census Tract 1719.16,G5020,S,5553889.000000000000000,9579.000000000000000,+29.4227910,-098.6998498,48029171916.000000000000000,34693.178949919441948,59868185.846578530967236,4
192,48,029,180101,48029180101,1801.01,Census Tract 1801.01,G5020,S,2422398.000000000000000,21632.000000000000000,+29.4595016,-098.5380224,48029180101.000000000000000,22981.947589044979395,26300116.668206091970205,7
193,48,029,171302,48029171302,1713.02,Census Tract 1713.02,G5020,S,1873871.000000000000000,0.000000000000000,+29.4537275,-098.5705465,48029171302.000000000000000,19445.558407511420228,20164615.841280423104763,7
194,48,029,171501,48029171501,1715.01,Census Tract 1715.01,G5020,S,1574236.000000000000000,0.000000000000000,+29.4156577,-098.5812898,48029171501.000000000000000,16708.233531259666051,16940276.030137185007334,5
195,48,029,192000,48029192000,1920,Census Tract 1920,G5020,S,5077240.000000000000000,27634.000000000000000,+29.4600994,-098.4693865,48029192000.000000000000000,44637.414503519758000,54933461.181198880076408,2
196,48,029,192200,48029192200,1922,Census Tract 1922,G5020,S,14838391.000000000000000,123562.000000000000000,+29.3478758,-098.4648118,48029192200.000000000000000,65374.647493050622870,161004482.349522680044174,3
197,48,029,191506,48029191506,1915.06,Census Tract 1915.06,G5020,S,3774024.000000000000000,2921.000000000000000,+29.5579374,-098.5438575,48029191506.000000000000000,32415.046846085948346,40644043.689885355532169,8
198,48,029,110900,48029110900,1109,Census Tract 1109,G5020,S,1256981.000000000000000,0.000000000000000,+29.4389354,-098.4828446,48029110900.000000000000000,17843.957954543180676,13526350.084483321756124,1
199,48,029,110800,48029110800,1108,Census Tract 1108,G5020,S,1284162.000000000000000,0.000000000000000,+29.4423646,-098.4929891,48029110800.000000000000000,14454.235924351754875,13818786.287010218948126,1
200,48,029,171914,48029171914,1719.14,Census Tract 1719.14,G5020,S,2024536.000000000000000,4915.000000000000000,+29.4339755,-098.6811542,48029171914.000000000000000,22350.513127972790244,21838821.114350512623787,4
201,48,029,171918,48029171918,1719.18,Census Tract 1719.18,G5020,S,8373281.000000000000000,42012.000000000000000,+29.4567621,-098.6958383,48029171918.000000000000000,53851.930015041922161,90556763.229491472244263,6
202,48,029,171925,48029171925,1719.25,Census Tract 1719.25,G5020,S,4513841.000000000000000,9108.000000000000000,+29.4691998,-098.6555016,48029171925.000000000000000,31610.438417903493246,48671397.055598370730877,6
203,48,029,181727,48029181727,1817.27,Census Tract 1817.27,G5020,S,2822472.000000000000000,0.000000000000000,+29.4718355,-098.6415982,48029181727.000000000000000,32841.172425640550500,30372556.849932711571455,6
204,48,029,171924,48029171924,1719.24,Census Tract 1719.24,G5020,S,4678898.000000000000000,24970.000000000000000,+29.4616828,-098.6767274,48029171924.000000000000000,31891.421146911743563,50618190.469179704785347,6
205,48,029,980005,48029980005,9800.05,Census Tract 9800.05,G5020,S,39581486.000000000000000,1780.000000000000000,+29.5782334,-098.7484151,48029980005.000000000000000,152460.050366247043712,425959729.473669230937958,
206,48,029,191812,48029191812,1918.12,Census Tract 1918.12,G5020,S,3643839.000000000000000,0.000000000000000,+29.6551647,-098.4877610,48029191812.000000000000000,27061.979332408718619,39212304.395338520407677,9
207,48,029,171402,48029171402,1714.02,Census Tract 1714.02,G5020,S,2117177.000000000000000,9546.000000000000000,+29.4430000,-098.5819942,48029171402.000000000000000,23474.246335817460931,22885536.960575476288795,5
208,48,029,171401,48029171401,1714.01,Census Tract 1714.01,G5020,S,1944789.000000000000000,13846.000000000000000,+29.4413040,-098.5939349,48029171401.000000000000000,20537.308668214704085,21076808.009464263916016,5
209,48,029,171917,48029171917,1719.17,Census Tract 1719.17,G5020,S,3114440.000000000000000,0.000000000000000,+29.4417610,-098.6997023,48029171917.000000000000000,24556.252855869974155,33514363.408524058759212,4
210,48,029,172005,48029172005,1720.05,Census Tract 1720.05,G5020,S,5888111.000000000000000,369.000000000000000,+29.4950928,-098.7264893,48029172005.000000000000000,36266.848305280400382,63366061.979588545858860,
211,48,029,181731,48029181731,1817.31,Census Tract 1817.31,G5020,S,2724175.000000000000000,0.000000000000000,+29.5026423,-098.6726616,48029181731.000000000000000,26850.632369685998128,29314910.280510056763887,6
212,48,029,181728,48029181728,1817.28,Census Tract 1817.28,G5020,S,6248507.000000000000000,5979.000000000000000,+29.5087582,-098.7127433,48029181728.000000000000000,33834.639615892556321,67304631.020053595304489,
213,48,029,180102,48029180102,1801.02,Census Tract 1801.02,G5020,S,1049555.000000000000000,0.000000000000000,+29.4657096,-098.5367807,48029180102.000000000000000,19271.988788365226355,11294232.728039184585214,7
214,48,029,180604,48029180604,1806.04,Census Tract 1806.04,G5020,S,3805654.000000000000000,0.000000000000000,+29.4812706,-098.5706326,48029180604.000000000000000,30157.517181893897941,40952650.935433715581894,7
215,48,029,191006,48029191006,1910.06,Census Tract 1910.06,G5020,S,2242722.000000000000000,0.000000000000000,+29.4864516,-098.5168594,48029191006.000000000000000,21120.288062402742071,24133910.840708214789629,1
216,48,029,181404,48029181404,1814.04,Census Tract 1814.04,G5020,S,2656570.000000000000000,0.000000000000000,+29.5286422,-098.5882052,48029181404.000000000000000,25525.978967552782706,28587498.894415520131588,8
217,48,029,191505,48029191505,1915.05,Census Tract 1915.05,G5020,S,2430993.000000000000000,1480.000000000000000,+29.5528449,-098.5480146,48029191505.000000000000000,22238.053056510136230,26176066.613986324518919,8
218,48,029,172004,48029172004,1720.04,Census Tract 1720.04,G5020,S,23488624.000000000000000,48265.000000000000000,+29.4937933,-098.7632600,48029172004.000000000000000,72036.788040816245484,253280493.012053817510605,
219,48,029,181815,48029181815,1818.15,Census Tract 1818.15,G5020,S,3164876.000000000000000,5678.000000000000000,+29.5469345,-098.5937820,48029181815.000000000000000,27819.414556209616421,34118545.484901353716850,8
220,48,029,181813,48029181813,1818.13,Census Tract 1818.13,G5020,S,3232578.000000000000000,0.000000000000000,+29.5567230,-098.5799130,48029181813.000000000000000,23996.634308057851740,34786082.849901288747787,8
221,48,029,121905,48029121905,1219.05,Census Tract 1219.05,G5020,S,7888312.000000000000000,674.000000000000000,+29.6535643,-098.4302740,48029121905.000000000000000,47452.053624697844498,84895372.596761360764503,9
222,48,029,172003,48029172003,1720.03,Census Tract 1720.03,G5020,S,3388089.000000000000000,0.000000000000000,+29.4385946,-098.7237253,48029172003.000000000000000,26678.945052309703897,36459058.683070622384548,
223,48,029,191503,48029191503,1915.03,Census Tract 1915.03,G5020,S,5624295.000000000000000,15325.000000000000000,+29.5745610,-098.5700983,48029191503.000000000000000,35724.463593798333022,60688604.567704528570175,8
224,48,029,191504,48029191504,1915.04,Census Tract 1915.04,G5020,S,5140145.000000000000000,11744.000000000000000,+29.5821019,-098.5606146,48029191504.000000000000000,34361.275700700738525,55440102.879946596920490,
225,48,029,181820,48029181820,1818.20,Census Tract 1818.20,G5020,S,7175238.000000000000000,17512.000000000000000,+29.5775882,-098.6161210,48029181820.000000000000000,41025.849774132955645,77401990.361822977662086,8
226,48,029,181814,48029181814,1818.14,Census Tract 1818.14,G5020,S,3667996.000000000000000,8328.000000000000000,+29.5753823,-098.5892100,48029181814.000000000000000,27592.430717080042086,39561364.811679236590862,8
227,48,029,181816,48029181816,1818.16,Census Tract 1818.16,G5020,S,2479344.000000000000000,11274.000000000000000,+29.5555962,-098.6083202,48029181816.000000000000000,25146.326076079003542,26801744.552940793335438,8
228,48,029,181819,48029181819,1818.19,Census Tract 1818.19,G5020,S,3695471.000000000000000,6145.000000000000000,+29.5650755,-098.6124925,48029181819.000000000000000,31748.545850522543333,39833534.664854437112808,8
229,48,029,161600,48029161600,1616,Census Tract 1616,G5020,S,6338728.000000000000000,7099.000000000000000,+29.3991515,-098.5974264,48029161600.000000000000000,86726.125814365077531,68286975.619715973734856,4
230,48,029,980003,48029980003,9800.03,Census Tract 9800.03,G5020,S,16145483.000000000000000,4426.000000000000000,+29.3724905,-098.6660170,48029980003.000000000000000,54428.801428099854093,173788014.484271764755249,
231,48,029,170101,48029170101,1701.01,Census Tract 1701.01,G5020,S,1150841.000000000000000,45850.000000000000000,+29.4396522,-098.5198167,48029170101.000000000000000,14521.806770121835143,12877539.235044961795211,5
232,48,029,170200,48029170200,1702,Census Tract 1702,G5020,S,1730790.000000000000000,0.000000000000000,+29.4216623,-098.5208934,48029170200.000000000000000,17668.105847272785468,18624911.606192007660866,5
233,48,029,170300,48029170300,1703,Census Tract 1703,G5020,S,1860336.000000000000000,166812.000000000000000,+29.4218034,-098.5349833,48029170300.000000000000000,20987.350927532228525,21814008.600447505712509,5
234,48,029,170401,48029170401,1704.01,Census Tract 1704.01,G5020,S,1347182.000000000000000,0.000000000000000,+29.4409473,-098.5316392,48029170401.000000000000000,19913.730081692847307,14497006.479822304099798,5
235,48,029,170402,48029170402,1704.02,Census Tract 1704.02,G5020,S,1552462.000000000000000,0.000000000000000,+29.4342883,-098.5355357,48029170402.000000000000000,18419.572719225350738,16705954.863451298326254,5
236,48,029,170500,48029170500,1705,Census Tract 1705,G5020,S,2077100.000000000000000,216198.000000000000000,+29.4492455,-098.5273406,48029170500.000000000000000,22039.568057133776165,24678069.844624042510986,1
237,48,029,171912,48029171912,1719.12,Census Tract 1719.12,G5020,S,8454389.000000000000000,562.000000000000000,+29.4793032,-098.6874058,48029171912.000000000000000,41694.492976355249994,90983721.263109251856804,6
238,48,029,172002,48029172002,1720.02,Census Tract 1720.02,G5020,S,55728656.000000000000000,121363.000000000000000,+29.4041314,-098.7598942,48029172002.000000000000000,109221.971433233426069,600998694.133002400398254,
239,48,029,180201,48029180201,1802.01,Census Tract 1802.01,G5020,S,2000669.000000000000000,0.000000000000000,+29.4778082,-098.5329440,48029180201.000000000000000,20969.370524901212775,21529204.139424685388803,1
240,48,029,180300,48029180300,1803,Census Tract 1803,G5020,S,2664824.000000000000000,0.000000000000000,+29.4667590,-098.5575128,48029180300.000000000000000,22673.877897936836234,28676117.912911452353001,7
241,48,029,180400,48029180400,1804,Census Tract 1804,G5020,S,2181682.000000000000000,0.000000000000000,+29.4626758,-098.5708715,48029180400.000000000000000,23657.907091757828312,23477054.053058881312609,7
242,48,029,180501,48029180501,1805.01,Census Tract 1805.01,G5020,S,3152711.000000000000000,0.000000000000000,+29.4702079,-098.5896328,48029180501.000000000000000,23548.476623213835410,33926278.475479312241077,7
243,48,029,180504,48029180504,1805.04,Census Tract 1805.04,G5020,S,1675492.000000000000000,68501.000000000000000,+29.4521007,-098.5919512,48029180504.000000000000000,20213.004442485627806,18767055.176514524966478,7
244,48,029,180602,48029180602,1806.02,Census Tract 1806.02,G5020,S,1462405.000000000000000,0.000000000000000,+29.4777609,-098.5562649,48029180602.000000000000000,18988.354687721621303,15736942.341602757573128,7
245,48,029,180701,48029180701,1807.01,Census Tract 1807.01,G5020,S,2912166.000000000000000,9486.000000000000000,+29.5007468,-098.5700229,48029180701.000000000000000,22681.058439701882889,31439922.255465354770422,7
246,48,029,180702,48029180702,1807.02,Census Tract 1807.02,G5020,S,3300974.000000000000000,0.000000000000000,+29.4936303,-098.5844477,48029180702.000000000000000,26310.618011398666567,35521818.045320510864258,7
247,48,029,180503,48029180503,1805.03,Census Tract 1805.03,G5020,S,1807000.000000000000000,62709.000000000000000,+29.4606047,-098.5946847,48029180503.000000000000000,19977.526968857546308,20119871.813848312944174,7
248,48,029,180800,48029180800,1808,Census Tract 1808,G5020,S,1762890.000000000000000,484.000000000000000,+29.4928752,-098.5512475,48029180800.000000000000000,22523.590476027933619,18975686.311499744653702,
249,48,029,180901,48029180901,1809.01,Census Tract 1809.01,G5020,S,2820820.000000000000000,1682.000000000000000,+29.4968392,-098.5403548,48029180901.000000000000000,28364.130332091539458,30372930.189951613545418,1
250,48,029,180902,48029180902,1809.02,Census Tract 1809.02,G5020,S,2983505.000000000000000,0.000000000000000,+29.4990227,-098.5303004,48029180902.000000000000000,28940.133655683384859,32105505.216726269572973,1
251,48,029,181001,48029181001,1810.01,Census Tract 1810.01,G5020,S,2542573.000000000000000,2767.000000000000000,+29.5121915,-098.5431428,48029181001.000000000000000,25217.601734116171428,27390475.693483881652355,1
252,48,029,181003,48029181003,1810.03,Census Tract 1810.03,G5020,S,1697171.000000000000000,1049.000000000000000,+29.5222650,-098.5613160,48029181003.000000000000000,17929.579104057622317,18274616.210999850183725,8
253,48,029,181004,48029181004,1810.04,Census Tract 1810.04,G5020,S,1802849.000000000000000,12181.000000000000000,+29.5132938,-098.5674430,48029181004.000000000000000,18773.412083509003423,19531600.194464404135942,8
254,48,029,181005,48029181005,1810.05,Census Tract 1810.05,G5020,S,1096186.000000000000000,0.000000000000000,+29.5023867,-098.5540500,48029181005.000000000000000,14846.505982310953186,11796091.670300886034966,1
255,48,029,181100,48029181100,1811,Census Tract 1811,G5020,S,3534331.000000000000000,4030.000000000000000,+29.5263791,-098.5502751,48029181100.000000000000000,26706.844968396188051,38076471.402571156620979,1
256,48,029,181200,48029181200,1812,Census Tract 1812,G5020,S,3786130.000000000000000,0.000000000000000,+29.5367965,-098.5392167,48029181200.000000000000000,33949.272407372154703,40742743.377950161695480,1
257,48,029,181301,48029181301,1813.01,Census Tract 1813.01,G5020,S,1434180.000000000000000,3067.000000000000000,+29.5479597,-098.5597409,48029181301.000000000000000,18217.231166483590641,15466340.862057656049728,8
258,48,029,181302,48029181302,1813.02,Census Tract 1813.02,G5020,S,2540824.000000000000000,552.000000000000000,+29.5423236,-098.5638293,48029181302.000000000000000,22805.421202975558117,27347924.529843732714653,8
259,48,029,181402,48029181402,1814.02,Census Tract 1814.02,G5020,S,3648685.000000000000000,0.000000000000000,+29.5122454,-098.5803117,48029181402.000000000000000,24493.718529931054945,39263594.580861501395702,8
260,48,029,181504,48029181504,1815.04,Census Tract 1815.04,G5020,S,1649871.000000000000000,565.000000000000000,+29.5058719,-098.5936735,48029181504.000000000000000,19353.898877931715106,17760381.395800553262234,7
261,48,029,181505,48029181505,1815.05,Census Tract 1815.05,G5020,S,2190819.000000000000000,0.000000000000000,+29.4999762,-098.6050448,48029181505.000000000000000,23839.488072312124132,23575443.140832494944334,
262,48,029,181506,48029181506,1815.06,Census Tract 1815.06,G5020,S,2414961.000000000000000,0.000000000000000,+29.4930504,-098.6092462,48029181506.000000000000000,25730.816076718740078,25987395.506235875189304,
263,48,029,181601,48029181601,1816.01,Census Tract 1816.01,G5020,S,2588319.000000000000000,0.000000000000000,+29.4753342,-098.6024198,48029181601.000000000000000,28175.790118755397998,27852860.668698497116566,7
264,48,029,181703,48029181703,1817.03,Census Tract 1817.03,G5020,S,3830763.000000000000000,2533.000000000000000,+29.5271515,-098.6523463,48029181703.000000000000000,28865.065180547189811,41250303.140247724950314,7
265,48,029,181704,48029181704,1817.04,Census Tract 1817.04,G5020,S,5766148.000000000000000,11406.000000000000000,+29.5023002,-098.6345896,48029181704.000000000000000,36387.511270285365754,62172293.331559531390667,
266,48,029,181705,48029181705,1817.05,Census Tract 1817.05,G5020,S,4490895.000000000000000,0.000000000000000,+29.4806068,-098.6170515,48029181705.000000000000000,30149.569037647710502,48326484.669787019491196,
267,48,029,181711,48029181711,1817.11,Census Tract 1817.11,G5020,S,3743738.000000000000000,476.000000000000000,+29.5120429,-098.6494648,48029181711.000000000000000,26528.638312631435838,40291553.342119090259075,7
268,48,029,181712,48029181712,1817.12,Census Tract 1817.12,G5020,S,1687802.000000000000000,0.000000000000000,+29.4930180,-098.6596257,48029181712.000000000000000,18758.595969559188234,18162430.998163074254990,6
269,48,029,181713,48029181713,1817.13,Census Tract 1817.13,G5020,S,4184826.000000000000000,1169.000000000000000,+29.4920930,-098.6472728,48029181713.000000000000000,33215.985506635341153,45045472.154415883123875,6
270,48,029,181715,48029181715,1817.15,Census Tract 1817.15,G5020,S,1932126.000000000000000,0.000000000000000,+29.4994275,-098.6859053,48029181715.000000000000000,21015.562326543862582,20791628.942484036087990,6
271,48,029,181716,48029181716,1817.16,Census Tract 1817.16,G5020,S,3866357.000000000000000,1643.000000000000000,+29.5080917,-098.6954648,48029181716.000000000000000,33407.517841355656856,41623648.337650977075100,6
272,48,029,181718,48029181718,1817.18,Census Tract 1817.18,G5020,S,2484692.000000000000000,0.000000000000000,+29.5278207,-098.6716386,48029181718.000000000000000,24402.223721057122020,26737865.028642226010561,7
273,48,029,181809,48029181809,1818.09,Census Tract 1818.09,G5020,S,2408980.000000000000000,9374.000000000000000,+29.5503905,-098.6227123,48029181809.000000000000000,24110.131461834116635,26024135.211709737777710,8
274,48,029,121604,48029121604,1216.04,Census Tract 1216.04,G5020,S,4871202.000000000000000,12022.000000000000000,+29.5296364,-098.3131633,48029121604.000000000000000,28620.654157135850255,52548635.972898691892624,
275,48,029,121802,48029121802,1218.02,Census Tract 1218.02,G5020,S,8729518.000000000000000,60285.000000000000000,+29.5715750,-098.3539705,48029121802.000000000000000,38971.269035956211155,94587943.528446227312088,10
276,48,029,191816,48029191816,1918.16,Census Tract 1918.16,G5020,S,2896998.000000000000000,16588.000000000000000,+29.6177113,-098.4965825,48029191816.000000000000000,22637.439477117597562,31353634.749732688069344,9
277,48,029,121120,48029121120,1211.20,Census Tract 1211.20,G5020,S,4520266.000000000000000,1543.000000000000000,+29.5575482,-098.4372455,48029121120.000000000000000,28699.686813538111892,48659574.997647784650326,10
278,48,029,191303,48029191303,1913.03,Census Tract 1913.03,G5020,S,2327408.000000000000000,1287.000000000000000,+29.5541485,-098.4847276,48029191303.000000000000000,21075.376574125453772,25059275.992502521723509,9
279,48,029,121906,48029121906,1219.06,Census Tract 1219.06,G5020,S,6442256.000000000000000,893.000000000000000,+29.6137701,-098.4505421,48029121906.000000000000000,38841.170535484736320,69335922.913103625178337,9
280,48,029,182105,48029182105,1821.05,Census Tract 1821.05,G5020,S,37329146.000000000000000,85051.000000000000000,+29.5999558,-098.7919613,48029182105.000000000000000,163664.629982998943888,402618245.555861949920654,
281,48,029,182106,48029182106,1821.06,Census Tract 1821.06,G5020,S,28652442.000000000000000,34675.000000000000000,+29.5609203,-098.7101800,48029182106.000000000000000,152950.968836955580628,308705296.383588373661041,
282,48,029,131615,48029131615,1316.15,Census Tract 1316.15,G5020,S,10553379.000000000000000,186550.000000000000000,+29.4694965,-098.3518021,48029131615.000000000000000,75383.006425372033846,115572151.820800065994263,2
283,48,029,191702,48029191702,1917.02,Census Tract 1917.02,G5020,S,8096293.000000000000000,17128.000000000000000,+29.5980050,-098.4944432,48029191702.000000000000000,51904.489087425550679,87309764.511545464396477,9
284,48,029,121809,48029121809,1218.09,Census Tract 1218.09,G5020,S,1967458.000000000000000,0.000000000000000,+29.5780965,-098.3821413,48029121809.000000000000000,18975.323841538443958,21172067.612361799925566,10
285,48,029,121811,48029121811,1218.11,Census Tract 1218.11,G5020,S,2651246.000000000000000,1357.000000000000000,+29.5948397,-098.3930616,48029121811.000000000000000,22193.243020094938402,28545036.381470859050751,10
286,48,029,121910,48029121910,1219.10,Census Tract 1219.10,G5020,S,28604951.000000000000000,117752.000000000000000,+29.6184796,-098.4045600,48029121910.000000000000000,86041.237390024136403,309090549.319884777069092,10
287,48,029,191809,48029191809,1918.09,Census Tract 1918.09,G5020,S,7721034.000000000000000,1486.000000000000000,+29.6822235,-098.4891653,48029191809.000000000000000,52825.988451276098203,83104457.469771221280098,
288,48,029,131802,48029131802,1318.02,Census Tract 1318.02,G5020,S,124495991.000000000000000,1382152.000000000000000,+29.4265417,-098.2824492,48029131802.000000000000000,150960.359922993520740,1354569015.631541013717651,
289,48,029,152201,48029152201,1522.01,Census Tract 1522.01,G5020,S,82507289.000000000000000,1066256.000000000000000,+29.2071966,-098.4588947,48029152201.000000000000000,160311.203993127943249,899334071.364726781845093,
290,48,029,162004,48029162004,1620.04,Census Tract 1620.04,G5020,S,54519564.000000000000000,597647.000000000000000,+29.2515215,-098.6999037,48029162004.000000000000000,108231.815405176297645,593113155.650189876556396,
291,48,029,162003,48029162003,1620.03,Census Tract 1620.03,G5020,S,45319240.000000000000000,109526.000000000000000,+29.2067245,-098.6312964,48029162003.000000000000000,124804.099550813582027,488857787.812356531620026,
292,48,029,171502,48029171502,1715.02,Census Tract 1715.02,G5020,S,2013318.000000000000000,0.000000000000000,+29.4271258,-098.5800478,48029171502.000000000000000,18668.554625547229080,21665197.765112727880478,6
293,48,029,171301,48029171301,1713.01,Census Tract 1713.01,G5020,S,1126423.000000000000000,0.000000000000000,+29.4454139,-098.5673926,48029171301.000000000000000,14993.141793335587863,12121439.868906743824482,5
294,48,029,172007,48029172007,1720.07,Census Tract 1720.07,G5020,S,15692901.000000000000000,5041.000000000000000,+29.4593784,-098.7309050,48029172007.000000000000000,69094.511891671048943,168925115.127707511186600,
295,48,029,180603,48029180603,1806.03,Census Tract 1806.03,G5020,S,941194.000000000000000,0.000000000000000,+29.4848997,-098.5838636,48029180603.000000000000000,14662.809126319720235,10128204.308195831254125,7
296,48,029,191807,48029191807,1918.07,Census Tract 1918.07,G5020,S,27564069.000000000000000,259643.000000000000000,+29.6108182,-098.5827567,48029191807.000000000000000,119091.762613498271094,299416689.822623789310455,8
297,48,029,182002,48029182002,1820.02,Census Tract 1820.02,G5020,S,26050639.000000000000000,33171.000000000000000,+29.5980079,-098.6681052,48029182002.000000000000000,81493.184124610022991,280692053.670801579952240,8
298,48,029,181825,48029181825,1818.25,Census Tract 1818.25,G5020,S,2978258.000000000000000,8752.000000000000000,+29.5485752,-098.6530224,48029181825.000000000000000,25644.668765093920229,32143429.832870893180370,7
299,48,029,182001,48029182001,1820.01,Census Tract 1820.01,G5020,S,4382005.000000000000000,5746.000000000000000,+29.5661475,-098.6624245,48029182001.000000000000000,34897.765312713207095,47217015.013852551579475,8
300,48,029,181902,48029181902,1819.02,Census Tract 1819.02,G5020,S,28201534.000000000000000,11908.000000000000000,+29.6458028,-098.6451298,48029181902.000000000000000,76926.163028792914702,303611631.487372040748596,8
301,48,029,191811,48029191811,1918.11,Census Tract 1918.11,G5020,S,6158820.000000000000000,2297.000000000000000,+29.6493355,-098.5130195,48029191811.000000000000000,37996.656962035493052,66301376.320874489843845,9
302,48,029,121808,48029121808,1218.08,Census Tract 1218.08,G5020,S,1634421.000000000000000,0.000000000000000,+29.5843036,-098.3897143,48029121808.000000000000000,20430.620785129969590,17588206.926252014935017,10
303,48,029,121903,48029121903,1219.03,Census Tract 1219.03,G5020,S,8319095.000000000000000,0.000000000000000,+29.6212645,-098.4316515,48029121903.000000000000000,49002.730912108141638,89523356.716019332408905,9
304,48,029,121907,48029121907,1219.07,Census Tract 1219.07,G5020,S,40445253.000000000000000,129479.000000000000000,+29.6546577,-098.3946939,48029121907.000000000000000,129170.619474110339070,436635727.845369517803192,
305,48,029,131801,48029131801,1318.01,Census Tract 1318.01,G5020,S,103012434.000000000000000,747661.000000000000000,+29.4309467,-098.1780971,48029131801.000000000000000,189931.674965981568675,1116558249.070117950439453,
306,48,029,141403,48029141403,1414.03,Census Tract 1414.03,G5020,S,1796666.000000000000000,0.000000000000000,+29.3586573,-098.4272773,48029141403.000000000000000,19390.754763919085235,19333805.361690569669008,3
307,48,029,182003,48029182003,1820.03,Census Tract 1820.03,G5020,S,7816617.000000000000000,6336.000000000000000,+29.5952357,-098.6387277,48029182003.000000000000000,40811.639452115923632,84183990.283626154065132,8
308,48,029,121909,48029121909,1219.09,Census Tract 1219.09,G5020,S,12422619.000000000000000,10844.000000000000000,+29.5916176,-098.3306872,48029121909.000000000000000,48905.160760458034929,133798232.500273808836937,10
309,48,029,151100,48029151100,1511,Census Tract 1511,G5020,S,3463440.000000000000000,0.000000000000000,+29.3620775,-098.5306827,48029151100.000000000000000,26983.285326580276887,37269754.283344030380249,4
310,48,029,160100,48029160100,1601,Census Tract 1601,G5020,S,2492063.000000000000000,115558.000000000000000,+29.4088381,-098.5217808,48029160100.000000000000000,24562.654732303144556,28060429.658200707286596,5
311,48,029,160300,48029160300,1603,Census Tract 1603,G5020,S,1764366.000000000000000,0.000000000000000,+29.3912299,-098.5263991,48029160300.000000000000000,18976.004408976201375,18986206.721431344747543,5
312,48,029,160400,48029160400,1604,Census Tract 1604,G5020,S,2835671.000000000000000,0.000000000000000,+29.3903429,-098.5412402,48029160400.000000000000000,22965.307895312675100,30514503.282663516700268,5
313,48,029,160600,48029160600,1606,Census Tract 1606,G5020,S,2200746.000000000000000,0.000000000000000,+29.4113725,-098.5537037,48029160600.000000000000000,24512.132691475682805,23682147.615417532622814,5
314,48,029,160701,48029160701,1607.01,Census Tract 1607.01,G5020,S,2638844.000000000000000,0.000000000000000,+29.4062494,-098.5740046,48029160701.000000000000000,24561.199461631578743,28396412.363403879106045,5
315,48,029,141101,48029141101,1411.01,Census Tract 1411.01,G5020,S,3411164.000000000000000,27621.000000000000000,+29.3580352,-098.4555776,48029141101.000000000000000,32935.021055463039374,37004509.315044917166233,3
316,48,029,131401,48029131401,1314.01,Census Tract 1314.01,G5020,S,7883426.000000000000000,89935.000000000000000,+29.3722268,-098.3759345,48029131401.000000000000000,39984.805948358873138,85800737.850533246994019,2
317,48,029,141102,48029141102,1411.02,Census Tract 1411.02,G5020,S,1532608.000000000000000,0.000000000000000,+29.3626958,-098.4453440,48029141102.000000000000000,23696.643212546019640,16492254.527702776715159,3
318,48,029,141404,48029141404,1414.04,Census Tract 1414.04,G5020,S,2644403.000000000000000,0.000000000000000,+29.3667835,-098.4257028,48029141404.000000000000000,29788.269219952617277,28456250.439961928874254,3
319,48,029,151302,48029151302,1513.02,Census Tract 1513.02,G5020,S,3266262.000000000000000,1622.000000000000000,+29.3290251,-098.5251025,48029151302.000000000000000,25614.850920994642365,35165425.175138697028160,3
320,48,029,160902,48029160902,1609.02,Census Tract 1609.02,G5020,S,2585534.000000000000000,428.000000000000000,+29.3695546,-098.5570405,48029160902.000000000000000,33456.368553735621390,27827369.260592695325613,5
321,48,029,121606,48029121606,1216.06,Census Tract 1216.06,G5020,S,2860427.000000000000000,0.000000000000000,+29.5564710,-098.3365299,48029121606.000000000000000,25722.901182420526311,30781303.899933733046055,
322,48,029,161304,48029161304,1613.04,Census Tract 1613.04,G5020,S,6519688.000000000000000,27747.000000000000000,+29.3453415,-098.5935539,48029161304.000000000000000,46586.062077636728645,70456454.558161571621895,4
323,48,029,161901,48029161901,1619.01,Census Tract 1619.01,G5020,S,20170390.000000000000000,477371.000000000000000,+29.3080730,-098.6904808,48029161901.000000000000000,69207.012957840561285,222189040.565104424953461,
324,48,029,160502,48029160502,1605.02,Census Tract 1605.02,G5020,S,1945058.000000000000000,0.000000000000000,+29.4027445,-098.5393755,48029160502.000000000000000,18783.634076085618290,20930652.828926276415586,5
325,48,029,161802,48029161802,1618.02,Census Tract 1618.02,G5020,S,21565795.000000000000000,251992.000000000000000,+29.3349742,-098.6579585,48029161802.000000000000000,97931.971312287903856,234779542.006131201982498,4
326,48,029,131506,48029131506,1315.06,Census Tract 1315.06,G5020,S,9771802.000000000000000,30498.000000000000000,+29.4346963,-098.3723584,48029131506.000000000000000,47053.721439260567422,105482070.022158905863762,2
327,48,029,130401,48029130401,1304.01,Census Tract 1304.01,G5020,S,1590764.000000000000000,0.000000000000000,+29.4080416,-098.4543969,48029130401.000000000000000,17615.076316658607539,17118127.438472595065832,2
328,48,029,121702,48029121702,1217.02,Census Tract 1217.02,G5020,S,6156900.000000000000000,6815.000000000000000,+29.5691658,-098.3147824,48029121702.000000000000000,35796.273071948446159,66328361.318407699465752,
329,48,029,131402,48029131402,1314.02,Census Tract 1314.02,G5020,S,9621396.000000000000000,103203.000000000000000,+29.4058288,-098.3699513,48029131402.000000000000000,46346.859218366291316,104645806.051833197474480,2
330,48,029,121810,48029121810,1218.10,Census Tract 1218.10,G5020,S,2096389.000000000000000,5603.000000000000000,+29.5917124,-098.4031624,48029121810.000000000000000,24664.243491564848227,22619850.639180947095156,10
331,48,029,131612,48029131612,1316.12,Census Tract 1316.12,G5020,S,2078577.000000000000000,45782.000000000000000,+29.4648030,-098.3211920,48029131612.000000000000000,23073.227672022541810,22860130.632701013237238,
332,48,029,151200,48029151200,1512,Census Tract 1512,G5020,S,6990735.000000000000000,36902.000000000000000,+29.3380619,-098.5437046,48029151200.000000000000000,38700.567048794662696,75623865.757928833365440,4
333,48,029,151600,48029151600,1516,Census Tract 1516,G5020,S,3083925.000000000000000,0.000000000000000,+29.3411913,-098.4937924,48029151600.000000000000000,23211.806155030459195,33185827.854311484843493,3
334,48,029,151700,48029151700,1517,Census Tract 1517,G5020,S,6265038.000000000000000,39645.000000000000000,+29.3291186,-098.4999500,48029151700.000000000000000,39378.512701840045338,67844263.336648568511009,3
335,48,029,181811,48029181811,1818.11,Census Tract 1818.11,G5020,S,3783279.000000000000000,6639.000000000000000,+29.5326954,-098.6399857,48029181811.000000000000000,35555.000904079839529,40783495.699697010219097,7
336,48,029,190200,48029190200,1902,Census Tract 1902,G5020,S,2242042.000000000000000,0.000000000000000,+29.4525383,-098.4898075,48029190200.000000000000000,25015.412058794740005,24126607.720592286437750,1
337,48,029,190400,48029190400,1904,Census Tract 1904,G5020,S,2087115.000000000000000,0.000000000000000,+29.4630742,-098.4894483,48029190400.000000000000000,20326.272917249694729,22459440.434357721358538,1
338,48,029,190501,48029190501,1905.01,Census Tract 1905.01,G5020,S,1109505.000000000000000,27139.000000000000000,+29.4603679,-098.5198886,48029190501.000000000000000,15796.396160495480217,12231454.767935466021299,1
339,48,029,190601,48029190601,1906.01,Census Tract 1906.01,G5020,S,1152379.000000000000000,0.000000000000000,+29.4721189,-098.5216808,48029190601.000000000000000,15202.706295996244080,12400743.269038371741772,1
340,48,029,190800,48029190800,1908,Census Tract 1908,G5020,S,1603129.000000000000000,0.000000000000000,+29.4749282,-098.4866484,48029190800.000000000000000,23529.242604004652094,17251330.404017619788647,
341,48,029,190901,48029190901,1909.01,Census Tract 1909.01,G5020,S,4462889.000000000000000,0.000000000000000,+29.5060157,-098.4982963,48029190901.000000000000000,34349.600543679174734,48025253.985506936907768,1
342,48,029,191003,48029191003,1910.03,Census Tract 1910.03,G5020,S,2566190.000000000000000,0.000000000000000,+29.5018235,-098.5199757,48029191003.000000000000000,24138.081779781765363,27614796.027453750371933,1
343,48,029,191004,48029191004,1910.04,Census Tract 1910.04,G5020,S,1652387.000000000000000,0.000000000000000,+29.4961477,-098.5066123,48029191004.000000000000000,19515.114703240029485,17781341.839417658746243,1
344,48,029,191101,48029191101,1911.01,Census Tract 1911.01,G5020,S,4050309.000000000000000,3969.000000000000000,+29.5289945,-098.5241360,48029191101.000000000000000,29124.929676926494722,43628259.164933994412422,
345,48,029,191102,48029191102,1911.02,Census Tract 1911.02,G5020,S,2344796.000000000000000,0.000000000000000,+29.5138141,-098.5143152,48029191102.000000000000000,21959.724761451463564,25232418.928715493530035,
346,48,029,191406,48029191406,1914.06,Census Tract 1914.06,G5020,S,4726461.000000000000000,0.000000000000000,+29.5981134,-098.5200083,48029191406.000000000000000,32486.977631185141945,50862163.390064619481564,9
347,48,029,191408,48029191408,1914.08,Census Tract 1914.08,G5020,S,725753.000000000000000,0.000000000000000,+29.5497218,-098.5149787,48029191408.000000000000000,11921.555575529720954,7809893.802887813188136,9
348,48,029,191409,48029191409,1914.09,Census Tract 1914.09,G5020,S,1605445.000000000000000,0.000000000000000,+29.5431098,-098.5208733,48029191409.000000000000000,16468.482092604011996,17276308.779300987720490,9
349,48,029,181808,48029181808,1818.08,Census Tract 1818.08,G5020,S,3799464.000000000000000,3419.000000000000000,+29.5354916,-098.5978441,48029181808.000000000000000,29527.405827544218482,40923058.566110044717789,8
350,48,029,190504,48029190504,1905.04,Census Tract 1905.04,G5020,S,1165678.000000000000000,0.000000000000000,+29.4597554,-098.5118770,48029190504.000000000000000,14880.453515290557334,12543805.613671181723475,1
351,48,029,190503,48029190503,1905.03,Census Tract 1905.03,G5020,S,1250966.000000000000000,0.000000000000000,+29.4596714,-098.5035886,48029190503.000000000000000,15318.547341244282507,13461600.006724735721946,1
352,48,029,131606,48029131606,1316.06,Census Tract 1316.06,G5020,S,10042140.000000000000000,121032.000000000000000,+29.4918067,-098.3069428,48029131606.000000000000000,52156.913024502449844,109365903.379580691456795,
353,48,029,131300,48029131300,1313,Census Tract 1313,G5020,S,5346369.000000000000000,0.000000000000000,+29.3925287,-098.3976101,48029131300.000000000000000,34362.407400052165031,57531896.271123319864273,3
354,48,029,141402,48029141402,1414.02,Census Tract 1414.02,G5020,S,5807301.000000000000000,4385.000000000000000,+29.3436408,-098.4193021,48029141402.000000000000000,32582.993359321335447,62539089.143604420125484,3
355,48,029,141600,48029141600,1416,Census Tract 1416,G5020,S,3384803.000000000000000,6294.000000000000000,+29.3315404,-098.4391546,48029141600.000000000000000,27953.296596223539382,36491317.458796873688698,3
356,48,029,141700,48029141700,1417,Census Tract 1417,G5020,S,50909716.000000000000000,690221.000000000000000,+29.3220520,-098.3816960,48029141700.000000000000000,129901.445819894448505,555262966.067388892173767,3
357,48,029,150100,48029150100,1501,Census Tract 1501,G5020,S,2444782.000000000000000,86587.000000000000000,+29.4044041,-098.5050283,48029150100.000000000000000,20195.808569363591232,27239917.529076840728521,5
358,48,029,150300,48029150300,1503,Census Tract 1503,G5020,S,2963520.000000000000000,75419.000000000000000,+29.3882240,-098.5018518,48029150300.000000000000000,27350.135324394999770,32701821.075134750455618,3
359,48,029,150400,48029150400,1504,Census Tract 1504,G5020,S,1418893.000000000000000,0.000000000000000,+29.3879625,-098.5173523,48029150400.000000000000000,18119.985153463127062,15268568.275068845599890,5
360,48,029,150501,48029150501,1505.01,Census Tract 1505.01,G5020,S,1370199.000000000000000,0.000000000000000,+29.3790793,-098.5256037,48029150501.000000000000000,17804.768598793860292,14744588.187337918207049,5
361,48,029,150502,48029150502,1505.02,Census Tract 1505.02,G5020,S,1338553.000000000000000,0.000000000000000,+29.3717614,-098.5254764,48029150502.000000000000000,16197.413658269464577,14404057.224567417055368,5
362,48,029,150600,48029150600,1506,Census Tract 1506,G5020,S,1886121.000000000000000,0.000000000000000,+29.3752717,-098.5104942,48029150600.000000000000000,18965.386323077276757,20296421.117092736065388,3
363,48,029,150700,48029150700,1507,Census Tract 1507,G5020,S,2220834.000000000000000,4211.000000000000000,+29.3750575,-098.4959557,48029150700.000000000000000,20448.026522870495683,23943511.816783756017685,3
364,48,029,150800,48029150800,1508,Census Tract 1508,G5020,S,4300488.000000000000000,124244.000000000000000,+29.3636646,-098.4770644,48029150800.000000000000000,32967.530665504542412,47614249.629909530282021,3
365,48,029,150900,48029150900,1509,Census Tract 1509,G5020,S,2754409.000000000000000,0.000000000000000,+29.3624270,-098.4932268,48029150900.000000000000000,22821.235947324083099,29639977.420955721288919,3
366,48,029,151000,48029151000,1510,Census Tract 1510,G5020,S,1583849.000000000000000,0.000000000000000,+29.3625271,-098.5102428,48029151000.000000000000000,16470.156663840691181,17043704.273416582494974,3